Дата/Время;Сообщение;Значение
2026-08-21 09:43:34,160;ПК: Останов;Пас
2026-08-21 09:43:44,000;ПК: Останов;Акт
2026-08-21 10:00:55,180;СК2 - закрыт;Пас
2026-08-21 10:00:55,210;СК3 - закрыт;Пас
2026-08-21 10:00:55,210;Три или четыре СК закрыты;Пас
2026-08-21 10:00:55,430;СК1 - закрыт;Пас
2026-08-21 10:00:55,440;СК4 - закрыт;Пас
2026-08-21 10:01:01,190;ПК: Останов;Пас
2026-08-21 10:01:29,450;ПК: Останов;Акт
2026-08-21 10:01:36,390;ПК: Останов;Пас
2026-08-21 10:01:38,190;Тип перехода между режимами;Ручной переход
2026-08-21 10:01:38,210;Режим работы;РАЗВОРОТ (Исходное)
2026-08-21 10:01:38,210;Предыдущий режим работы;ОСТАНОВ
2026-08-21 10:01:38,210;Тип перехода между режимами;Ручной переход
2026-08-21 10:01:42,710;Режим работы;РПК (Наладка)
2026-08-21 10:01:42,710;Предыдущий режим работы;РАЗВОРОТ (Исходное)
2026-08-21 10:01:42,710;Тип перехода между режимами;Ручной переход
2026-08-21 10:04:07,420;ШСП-А: открыта дверь шкафа;Акт
2026-08-21 10:04:24,060;ШСП-А: открыта дверь шкафа;Пас
2026-08-21 10:04:24,170;ШСП-А: открыта дверь шкафа;Акт
2026-08-21 10:04:24,190;ШСП-А: открыта дверь шкафа;Пас
2026-08-21 10:06:42,990;ШСП-А: открыта дверь шкафа;Акт
2026-08-21 10:07:17,430;ШСП-А: открыта дверь шкафа;Пас
2026-08-21 10:09:38,330;ШСП-А: открыта дверь шкафа;Акт
2026-08-21 10:12:02,200;ПК: Останов;Акт
2026-08-21 10:12:02,200;Тип перехода между режимами;Автоматический переход (1)
2026-08-21 10:12:02,210;Начало форсированного сигнала;Акт
2026-08-21 10:12:02,210;Режим работы;ОСТАНОВ
2026-08-21 10:12:02,210;Предыдущий режим работы;РПК (Наладка)
2026-08-21 10:12:02,210;Тип перехода между режимами;Автоматический переход (1)
2026-08-21 10:12:02,260;Начало форсированного сигнала;Пас
2026-08-21 10:12:05,280;ПК: Останов;Пас
2026-08-21 10:12:08,130;Тип перехода между режимами;Ручной переход
2026-08-21 10:12:08,150;Режим работы;РАЗВОРОТ (Исходное)
2026-08-21 10:12:08,150;Предыдущий режим работы;ОСТАНОВ
2026-08-21 10:12:08,150;Тип перехода между режимами;Ручной переход
2026-08-21 10:12:19,310;Режим работы;РПК (Наладка)
2026-08-21 10:12:19,310;Предыдущий режим работы;РАЗВОРОТ (Исходное)
2026-08-21 10:12:19,310;Тип перехода между режимами;Ручной переход
2026-08-21 10:12:24,840;ШСП-А: открыта дверь шкафа;Пас
2026-08-21 10:14:59,450;ПК: Останов;Акт
2026-08-21 10:14:59,450;Тип перехода между режимами;Автоматический переход (1)
2026-08-21 10:14:59,470;Начало форсированного сигнала;Акт
2026-08-21 10:14:59,470;Режим работы;ОСТАНОВ
2026-08-21 10:14:59,470;Предыдущий режим работы;РПК (Наладка)
2026-08-21 10:14:59,470;Тип перехода между режимами;Автоматический переход (1)
2026-08-21 10:14:59,520;Начало форсированного сигнала;Пас
2026-08-21 10:15:06,720;СК4 - закрыт;Акт
2026-08-21 10:15:06,730;СК1 - закрыт;Акт
2026-08-21 10:15:06,740;СК2 - закрыт;Акт
2026-08-21 10:15:06,740;СК3 - закрыт;Акт
2026-08-21 10:15:06,740;Три или четыре СК закрыты;Акт
2026-08-21 10:15:21,440;ШСП-Б: открыта дверь шкафа;Акт
2026-08-21 10:15:23,790;ШСП-Б: автомат QF8 выключен;Акт
2026-08-21 10:15:24,500;Неисправность, сформированная по приоритету;Акт
2026-08-21 10:15:24,500;Код ошибки по приоритету (младшая часть);32768
2026-08-21 10:15:25,740;ШСП-Б: открыта дверь шкафа;Пас
2026-08-21 10:15:25,850;ШСП-Б: открыта дверь шкафа;Акт
2026-08-21 10:15:25,880;ШСП-Б: открыта дверь шкафа;Пас
2026-08-21 10:15:34,420;Неисправность, сформированная по приоритету;Пас
2026-08-21 10:18:55,540;СК2 - закрыт;Пас
2026-08-21 10:18:55,730;СК1 - закрыт;Пас
2026-08-21 10:18:55,730;Три или четыре СК закрыты;Пас
2026-08-21 10:18:55,760;СК3 - закрыт;Пас
2026-08-21 10:18:55,830;СК4 - закрыт;Пас
2026-08-21 10:19:09,840;Начало форсированного сигнала;Акт
2026-08-21 10:19:44,210;Начало форсированного сигнала;Пас
2026-08-21 10:20:01,390;ШСП-Б: открыта дверь шкафа;Акт
2026-08-21 10:20:25,930;ШСП-Б: открыта дверь шкафа;Пас
2026-08-21 10:20:26,010;ШСП-Б: открыта дверь шкафа;Акт
2026-08-21 10:20:26,390;ШСП-Б: открыта дверь шкафа;Пас
2026-08-21 10:20:33,000;ШСП-Б: открыта дверь шкафа;Акт
2026-08-21 10:23:11,870;СК1 - закрыт;Акт
2026-08-21 10:23:11,870;СК3 - закрыт;Акт
2026-08-21 10:23:11,870;СК4 - закрыт;Акт
2026-08-21 10:23:11,870;Три или четыре СК закрыты;Акт
2026-08-21 10:23:11,880;СК2 - закрыт;Акт
2026-08-21 10:35:47,000;СК2 - закрыт;Пас
2026-08-21 10:35:47,180;СК3 - закрыт;Пас
2026-08-21 10:35:47,180;Три или четыре СК закрыты;Пас
2026-08-21 10:35:47,200;СК1 - закрыт;Пас
2026-08-21 10:35:47,310;СК4 - закрыт;Пас
2026-08-21 10:36:19,570;Начало форсированного сигнала;Акт
2026-08-21 10:39:14,690;Начало форсированного сигнала;Пас
2026-08-21 10:40:47,220;Неисправность, сформированная по приоритету;Акт
2026-08-21 10:40:50,810;ШСП-Б: автомат QF8 выключен;Пас
2026-08-21 10:40:51,140;Неисправность, сформированная по приоритету;Пас
2026-08-21 10:40:51,140;Код ошибки по приоритету (младшая часть);0
2026-08-21 10:41:03,580;ПК: Останов;Пас
2026-08-21 10:41:05,500;Тип перехода между режимами;Ручной переход
2026-08-21 10:41:05,520;Режим работы;РАЗВОРОТ (Исходное)
2026-08-21 10:41:05,520;Предыдущий режим работы;ОСТАНОВ
2026-08-21 10:41:05,520;Тип перехода между режимами;Ручной переход
2026-08-21 10:41:12,510;Режим работы;РПК (Наладка)
2026-08-21 10:41:12,510;Предыдущий режим работы;РАЗВОРОТ (Исходное)
2026-08-21 10:41:12,510;Тип перехода между режимами;Ручной переход
2026-08-21 10:42:07,050;Канал ведущий;Акт
2026-08-21 10:42:07,100;ШСП-А: блокировка другого канала;Акт
2026-08-21 10:42:07,100;ШСП-Б: блокировка другого канала;Акт
2026-08-21 10:42:07,550;2ЦРБРУ-К.Ошибка чтения данных(основная линия связи);Акт
2026-08-21 10:42:07,560;2ЦРБРУ-К.Ошибка чтения данных(основная линия связи);Пас
2026-08-21 10:42:26,990;Канал ведущий;Пас
2026-08-21 10:42:27,020;ШСП-А: блокировка другого канала;Пас
2026-08-21 10:42:27,020;ШСП-Б: блокировка другого канала;Пас
2026-08-21 10:43:13,030;ПК: Останов;Акт
2026-08-21 10:43:13,030;Тип перехода между режимами;Автоматический переход (1)
2026-08-21 10:43:13,040;Начало форсированного сигнала;Акт
2026-08-21 10:43:13,040;Режим работы;ОСТАНОВ
2026-08-21 10:43:13,040;Предыдущий режим работы;РПК (Наладка)
2026-08-21 10:43:13,040;Тип перехода между режимами;Автоматический переход (1)
2026-08-21 10:43:13,090;Начало форсированного сигнала;Пас
2026-08-21 10:43:19,530;СК4 - закрыт;Акт
2026-08-21 10:43:19,540;СК1 - закрыт;Акт
2026-08-21 10:43:19,540;СК3 - закрыт;Акт
2026-08-21 10:43:19,540;Три или четыре СК закрыты;Акт
2026-08-21 10:43:19,550;СК2 - закрыт;Акт
2026-08-21 10:43:49,470;СК2 - закрыт;Пас
2026-08-21 10:43:49,530;СК1 - закрыт;Пас
2026-08-21 10:43:49,530;Три или четыре СК закрыты;Пас
2026-08-21 10:43:49,580;СК3 - закрыт;Пас
2026-08-21 10:43:49,740;СК4 - закрыт;Пас
2026-08-21 10:43:52,800;СК2 - закрыт;Акт
2026-08-21 10:43:52,810;СК3 - закрыт;Акт
2026-08-21 10:43:52,810;СК4 - закрыт;Акт
2026-08-21 10:43:52,810;Три или четыре СК закрыты;Акт
2026-08-21 10:43:52,820;СК1 - закрыт;Акт
2026-08-21 10:44:01,600;СК2 - закрыт;Пас
2026-08-21 10:44:01,600;СК1 - закрыт;Пас
2026-08-21 10:44:01,600;Три или четыре СК закрыты;Пас
2026-08-21 10:44:01,640;СК3 - закрыт;Пас
2026-08-21 10:44:01,800;СК4 - закрыт;Пас
2026-08-21 10:44:15,050;СК4 - закрыт;Акт
2026-08-21 10:44:15,060;СК1 - закрыт;Акт
2026-08-21 10:44:15,060;СК3 - закрыт;Акт
2026-08-21 10:44:15,060;Три или четыре СК закрыты;Акт
2026-08-21 10:44:15,070;СК2 - закрыт;Акт
2026-08-21 10:44:19,340;СК1 - закрыт;Пас
2026-08-21 10:44:19,380;СК3 - закрыт;Пас
2026-08-21 10:44:19,380;Три или четыре СК закрыты;Пас
2026-08-21 10:44:19,400;СК2 - закрыт;Пас
2026-08-21 10:44:19,530;СК4 - закрыт;Пас
2026-08-21 10:44:42,530;ПК: Останов;Пас
2026-08-21 10:44:45,290;Тип перехода между режимами;Ручной переход
2026-08-21 10:44:45,300;Режим работы;РАЗВОРОТ (Исходное)
2026-08-21 10:44:45,300;Предыдущий режим работы;ОСТАНОВ
2026-08-21 10:44:45,300;Тип перехода между режимами;Ручной переход
2026-08-21 10:44:51,790;ПК: Останов;Акт
2026-08-21 10:44:51,790;Тип перехода между режимами;Автоматический переход (1)
2026-08-21 10:44:51,800;Начало форсированного сигнала;Акт
2026-08-21 10:44:51,800;Режим работы;ОСТАНОВ
2026-08-21 10:44:51,800;Предыдущий режим работы;РАЗВОРОТ (Исходное)
2026-08-21 10:44:51,800;Тип перехода между режимами;Автоматический переход (1)
2026-08-21 10:44:51,850;Начало форсированного сигнала;Пас
2026-08-21 10:45:58,740;ПК: Останов;Пас
2026-08-21 10:45:59,690;Тип перехода между режимами;Ручной переход
2026-08-21 10:45:59,700;Режим работы;РАЗВОРОТ (Исходное)
2026-08-21 10:45:59,700;Предыдущий режим работы;ОСТАНОВ
2026-08-21 10:45:59,700;Тип перехода между режимами;Ручной переход
2026-08-21 10:46:01,440;Режим работы;РПК (Наладка)
2026-08-21 10:46:01,440;Предыдущий режим работы;РАЗВОРОТ (Исходное)
2026-08-21 10:46:01,440;Тип перехода между режимами;Ручной переход
2026-08-21 10:46:21,340;ПК: Останов;Акт
2026-08-21 10:46:21,340;Тип перехода между режимами;Автоматический переход (1)
2026-08-21 10:46:21,350;Начало форсированного сигнала;Акт
2026-08-21 10:46:21,350;Режим работы;ОСТАНОВ
2026-08-21 10:46:21,350;Предыдущий режим работы;РПК (Наладка)
2026-08-21 10:46:21,350;Тип перехода между режимами;Автоматический переход (1)
2026-08-21 10:46:21,410;Начало форсированного сигнала;Пас
2026-08-21 10:46:32,750;ПК: Останов;Пас
2026-08-21 10:46:33,770;Тип перехода между режимами;Ручной переход
2026-08-21 10:46:33,770;Режим работы;РАЗВОРОТ (Исходное)
2026-08-21 10:46:33,770;Предыдущий режим работы;ОСТАНОВ
2026-08-21 10:46:33,770;Тип перехода между режимами;Ручной переход
2026-08-21 10:46:36,610;Режим работы;РПК (Наладка)
2026-08-21 10:46:36,610;Предыдущий режим работы;РАЗВОРОТ (Исходное)
2026-08-21 10:46:36,610;Тип перехода между режимами;Ручной переход
2026-08-21 10:49:33,230;ПК: Останов;Акт
2026-08-21 10:49:33,230;Тип перехода между режимами;Автоматический переход (1)
2026-08-21 10:49:33,250;Начало форсированного сигнала;Акт
2026-08-21 10:49:33,250;Режим работы;ОСТАНОВ
2026-08-21 10:49:33,250;Предыдущий режим работы;РПК (Наладка)
2026-08-21 10:49:33,250;Тип перехода между режимами;Автоматический переход (1)
2026-08-21 10:49:33,310;Начало форсированного сигнала;Пас
2026-08-21 10:50:43,890;ШСП-Б: автомат QF8 выключен;Акт
2026-08-21 10:50:44,630;Неисправность, сформированная по приоритету;Акт
2026-08-21 10:50:44,630;Код ошибки по приоритету (младшая часть);32768
2026-08-21 10:50:49,690;Неисправность, сформированная по приоритету;Пас
2026-08-21 10:54:14,050;Начало форсированного сигнала;Акт
2026-08-21 11:06:26,280;Неисправность, сформированная по приоритету;Акт
2026-08-21 11:06:26,330;Начало форсированного сигнала;Пас
2026-08-21 11:06:29,730;ШСП-Б: автомат QF8 выключен;Пас
2026-08-21 11:06:30,200;Неисправность, сформированная по приоритету;Пас
2026-08-21 11:06:30,200;Код ошибки по приоритету (младшая часть);0
2026-08-21 11:06:47,930;ПК: Останов;Пас
2026-08-21 11:06:48,710;Тип перехода между режимами;Ручной переход
2026-08-21 11:06:48,730;Режим работы;РАЗВОРОТ (Исходное)
2026-08-21 11:06:48,730;Предыдущий режим работы;ОСТАНОВ
2026-08-21 11:06:48,730;Тип перехода между режимами;Ручной переход
2026-08-21 11:06:51,230;Режим работы;РПК (Наладка)
2026-08-21 11:06:51,230;Предыдущий режим работы;РАЗВОРОТ (Исходное)
2026-08-21 11:06:51,230;Тип перехода между режимами;Ручной переход
2026-08-21 11:13:53,910;Канал ведущий;Акт
2026-08-21 11:13:53,960;ШСП-А: блокировка другого канала;Акт
2026-08-21 11:13:53,960;ШСП-Б: блокировка другого канала;Акт
2026-08-21 11:14:12,080;Режим работы;РАЗВОРОТ (Исходное)
2026-08-21 11:14:12,080;Предыдущий режим работы;РПК (Наладка)
2026-08-21 11:14:12,080;Тип перехода между режимами;Ручной переход
2026-08-21 11:14:29,280;ПК: Останов;Акт
2026-08-21 11:14:29,280;Начало форсированного сигнала;Акт
2026-08-21 11:14:29,280;Режим работы;ОСТАНОВ
2026-08-21 11:14:29,280;Предыдущий режим работы;РАЗВОРОТ (Исходное)
2026-08-21 11:14:29,330;Начало форсированного сигнала;Пас
2026-08-21 11:14:51,730;ШСП-Б: автомат QF8 выключен;Акт
2026-08-21 11:14:52,480;Код ошибки по приоритету (младшая часть);32768
2026-08-21 11:14:52,490;ШСП-Б: блокировка другого канала;Пас
2026-08-21 11:15:18,120;Начало форсированного сигнала;Акт
2026-08-21 11:15:18,420;Начало форсированного сигнала;Пас
2026-08-21 11:16:44,430;ШСП-А: открыта дверь шкафа;Акт
2026-08-21 11:16:47,340;ШСП-А: автомат QF8 выключен;Акт
2026-08-21 11:16:48,010;Канал ведущий;Пас
2026-08-21 11:16:48,010;Неисправность, сформированная по приоритету;Акт
2026-08-21 11:16:48,010;Код ошибки по приоритету (старшая часть);1
2026-08-21 11:16:48,020;ШСП-А: блокировка другого канала;Пас
2026-08-21 11:16:55,800;Неисправность, сформированная по приоритету;Пас
2026-08-21 11:16:56,030;ШЗ: сработала защита;Акт
2026-08-21 11:18:04,040;Начало форсированного сигнала;Акт
2026-08-21 11:18:04,610;Начало форсированного сигнала;Пас
2026-08-21 11:20:34,210;ШСП-Б: автомат QF8 выключен;Пас
2026-08-21 11:20:34,690;Код ошибки по приоритету (старшая часть);0
2026-08-21 11:20:34,730;Канал ведущий;Акт
2026-08-21 11:20:34,750;ШСП-Б: блокировка другого канала;Акт
2026-08-21 11:20:35,230;1ЦРБРУ-К.Ошибка записи данных(основная линия связи);Акт
2026-08-21 11:20:35,240;1ЦРБРУ-К.Ошибка записи данных(основная линия связи);Пас
2026-08-21 11:20:35,750;ШЗ: сработала защита;Пас
2026-08-21 11:20:48,380;ШСП-Б: открыта дверь шкафа;Пас
2026-08-21 11:20:48,500;ШСП-Б: открыта дверь шкафа;Акт
2026-08-21 11:20:48,520;ШСП-Б: открыта дверь шкафа;Пас
2026-08-21 11:21:44,690;ШСП-А: автомат QF8 выключен;Пас
2026-08-21 11:21:44,780;ШСП-А: автомат QF8 выключен;Акт
2026-08-21 11:21:44,800;ШСП-А: автомат QF8 выключен;Пас
2026-08-21 11:21:44,820;ШСП-А: автомат QF8 выключен;Акт
2026-08-21 11:21:44,850;ШСП-А: автомат QF8 выключен;Пас
2026-08-21 11:21:45,160;Код ошибки по приоритету (младшая часть);0
2026-08-21 11:21:45,180;ШСП-А: блокировка другого канала;Акт
2026-08-21 11:21:47,840;ШСП-А: открыта дверь шкафа;Пас
2026-08-21 11:42:39,470;ПК: Останов;Пас
2026-08-21 11:42:40,430;Режим работы;РАЗВОРОТ (Исходное)
2026-08-21 11:42:40,430;Предыдущий режим работы;ОСТАНОВ
2026-08-21 11:42:47,070;Режим работы;РПК (Наладка)
2026-08-21 11:42:47,070;Предыдущий режим работы;РАЗВОРОТ (Исходное)
2026-08-21 11:42:47,070;Тип перехода между режимами;Ручной переход
2026-08-21 11:45:23,530;СК1 - закрыт;Акт
2026-08-21 11:45:23,530;СК4 - закрыт;Акт
2026-08-21 11:45:23,540;СК3 - закрыт;Акт
2026-08-21 11:45:23,540;Три или четыре СК закрыты;Акт
2026-08-21 11:45:23,550;СК2 - закрыт;Акт
2026-08-21 11:47:50,930;ПК: Останов;Акт
2026-08-21 11:47:50,930;Начало форсированного сигнала;Акт
2026-08-21 11:47:50,930;Режим работы;ОСТАНОВ
2026-08-21 11:47:50,930;Предыдущий режим работы;РПК (Наладка)
2026-08-21 11:47:50,930;Тип перехода между режимами;Автоматический переход (1)
2026-08-21 11:47:51,000;Начало форсированного сигнала;Пас
2026-08-21 11:47:56,230;СК2 - закрыт;Пас
2026-08-21 11:47:56,280;СК1 - закрыт;Пас
2026-08-21 11:47:56,280;Три или четыре СК закрыты;Пас
2026-08-21 11:47:56,360;СК3 - закрыт;Пас
2026-08-21 11:47:56,500;СК4 - закрыт;Пас
2026-08-21 11:48:11,440;ПК: Останов;Пас
2026-08-21 11:48:12,360;Режим работы;РАЗВОРОТ (Исходное)
2026-08-21 11:48:12,360;Предыдущий режим работы;ОСТАНОВ
2026-08-21 11:48:22,370;Режим работы;РПК (Наладка)
2026-08-21 11:48:22,370;Предыдущий режим работы;РАЗВОРОТ (Исходное)
2026-08-21 11:48:22,370;Тип перехода между режимами;Ручной переход
2026-08-21 11:50:36,380;СК1 - закрыт;Акт
2026-08-21 11:50:36,380;СК4 - закрыт;Акт
2026-08-21 11:50:36,390;СК3 - закрыт;Акт
2026-08-21 11:50:36,390;Три или четыре СК закрыты;Акт
2026-08-21 11:50:36,400;СК2 - закрыт;Акт
2026-08-21 11:52:44,330;ПК: Останов;Акт
2026-08-21 11:52:44,330;Начало форсированного сигнала;Акт
2026-08-21 11:52:44,330;Режим работы;ОСТАНОВ
2026-08-21 11:52:44,330;Предыдущий режим работы;РПК (Наладка)
2026-08-21 11:52:44,330;Тип перехода между режимами;Автоматический переход (1)
2026-08-21 11:52:44,410;Начало форсированного сигнала;Пас
2026-08-21 11:52:45,430;СК2 - закрыт;Пас
2026-08-21 11:52:45,600;СК1 - закрыт;Пас
2026-08-21 11:52:45,600;Три или четыре СК закрыты;Пас
2026-08-21 11:52:45,610;СК3 - закрыт;Пас
2026-08-21 11:52:45,640;СК4 - закрыт;Пас
2026-08-21 11:52:54,340;ПК: Останов;Пас
2026-08-21 11:52:56,170;Режим работы;РАЗВОРОТ (Исходное)
2026-08-21 11:52:56,170;Предыдущий режим работы;ОСТАНОВ
2026-08-21 11:52:59,120;Режим работы;РПК (Наладка)
2026-08-21 11:52:59,120;Предыдущий режим работы;РАЗВОРОТ (Исходное)
2026-08-21 11:52:59,120;Тип перехода между режимами;Ручной переход
2026-08-21 11:55:21,370;ПК: Останов;Акт
2026-08-21 11:55:21,370;Начало форсированного сигнала;Акт
2026-08-21 11:55:21,370;Режим работы;ОСТАНОВ
2026-08-21 11:55:21,370;Предыдущий режим работы;РПК (Наладка)
2026-08-21 11:55:21,370;Тип перехода между режимами;Автоматический переход (1)
2026-08-21 11:55:21,430;Начало форсированного сигнала;Пас
2026-08-21 11:56:35,770;ПК: Останов;Пас
2026-08-21 11:56:36,570;Режим работы;РАЗВОРОТ (Исходное)
2026-08-21 11:56:36,570;Предыдущий режим работы;ОСТАНОВ
2026-08-21 11:56:39,720;Режим работы;РПК (Наладка)
2026-08-21 11:56:39,720;Предыдущий режим работы;РАЗВОРОТ (Исходное)
2026-08-21 11:56:39,720;Тип перехода между режимами;Ручной переход
2026-08-21 11:59:07,760;СК1 - закрыт;Акт
2026-08-21 11:59:07,760;СК4 - закрыт;Акт
2026-08-21 11:59:07,770;СК3 - закрыт;Акт
2026-08-21 11:59:07,770;Три или четыре СК закрыты;Акт
2026-08-21 11:59:07,780;СК2 - закрыт;Акт
2026-08-21 11:59:13,210;ПК: Останов;Акт
2026-08-21 11:59:13,210;Начало форсированного сигнала;Акт
2026-08-21 11:59:13,210;Режим работы;ОСТАНОВ
2026-08-21 11:59:13,210;Предыдущий режим работы;РПК (Наладка)
2026-08-21 11:59:13,210;Тип перехода между режимами;Автоматический переход (1)
2026-08-21 11:59:13,280;Начало форсированного сигнала;Пас
2026-08-21 12:00:34,480;СК2 - закрыт;Пас
2026-08-21 12:00:34,660;СК1 - закрыт;Пас
2026-08-21 12:00:34,660;Три или четыре СК закрыты;Пас
2026-08-21 12:00:34,800;СК4 - закрыт;Пас
2026-08-21 12:00:34,890;СК3 - закрыт;Пас
2026-08-21 12:00:37,790;ПК: Останов;Пас
2026-08-21 12:00:38,730;Режим работы;РАЗВОРОТ (Исходное)
2026-08-21 12:00:38,730;Предыдущий режим работы;ОСТАНОВ
2026-08-21 12:00:43,430;Режим работы;РПК (Наладка)
2026-08-21 12:00:43,430;Предыдущий режим работы;РАЗВОРОТ (Исходное)
2026-08-21 12:00:43,430;Тип перехода между режимами;Ручной переход
2026-08-21 12:03:03,650;СК1 - закрыт;Акт
2026-08-21 12:03:03,650;СК4 - закрыт;Акт
2026-08-21 12:03:03,660;СК2 - закрыт;Акт
2026-08-21 12:03:03,660;СК3 - закрыт;Акт
2026-08-21 12:03:03,660;Три или четыре СК закрыты;Акт
2026-08-21 12:04:00,750;ПК: Останов;Акт
2026-08-21 12:04:00,750;Начало форсированного сигнала;Акт
2026-08-21 12:04:00,750;Режим работы;ОСТАНОВ
2026-08-21 12:04:00,750;Предыдущий режим работы;РПК (Наладка)
2026-08-21 12:04:00,750;Тип перехода между режимами;Автоматический переход (1)
2026-08-21 12:04:00,830;Начало форсированного сигнала;Пас
2026-08-21 12:04:49,670;СК2 - закрыт;Пас
2026-08-21 12:04:49,790;СК1 - закрыт;Пас
2026-08-21 12:04:49,790;Три или четыре СК закрыты;Пас
2026-08-21 12:04:49,860;СК3 - закрыт;Пас
2026-08-21 12:04:49,880;СК4 - закрыт;Пас
2026-08-21 12:24:37,960;ПК: Останов;Пас
2026-08-21 12:24:38,860;Режим работы;РАЗВОРОТ (Исходное)
2026-08-21 12:24:38,860;Предыдущий режим работы;ОСТАНОВ
2026-08-21 12:24:43,560;Режим работы;РПК (Наладка)
2026-08-21 12:24:43,560;Предыдущий режим работы;РАЗВОРОТ (Исходное)
2026-08-21 12:24:43,560;Тип перехода между режимами;Ручной переход
2026-08-21 12:25:20,570;Канал ведущий;Пас
2026-08-21 12:25:20,600;ШСП-А: блокировка другого канала;Пас
2026-08-21 12:25:20,600;ШСП-Б: блокировка другого канала;Пас
2026-08-21 12:25:52,070;ШСП-Б: открыта дверь шкафа;Акт
2026-08-21 12:25:55,070;ШСП-Б: автомат QF8 выключен;Акт
2026-08-21 12:25:55,820;Неисправность, сформированная по приоритету;Акт
2026-08-21 12:25:55,820;Код ошибки по приоритету (младшая часть);32768
2026-08-21 12:26:38,380;Неисправность, сформированная по приоритету;Пас
2026-08-21 12:26:38,380;Тип перехода между режимами;Автоматический переход (3)
2026-08-21 12:26:38,380;Канал ведущий;Акт
2026-08-21 12:26:38,380;Канал зафиксировался;Акт
2026-08-21 12:26:38,390;Начало форсированного сигнала;Акт
2026-08-21 12:26:38,390;Режим работы;ОСТАНОВ
2026-08-21 12:26:38,390;Предыдущий режим работы;РПК (Наладка)
2026-08-21 12:26:38,390;Тип перехода между режимами;Автоматический переход (3)
2026-08-21 12:26:38,420;Канал ведущий;Пас
2026-08-21 12:26:38,420;Канал зафиксировался;Пас
2026-08-21 12:26:38,420;Неисправность, сформированная по приоритету;Акт
2026-08-21 12:26:38,420;ШСП-А: блокировка другого канала;Акт
2026-08-21 12:26:38,460;ШСП-А: блокировка другого канала;Пас
2026-08-21 12:26:38,520;Начало форсированного сигнала;Пас
2026-08-21 12:27:09,200;ПК: Останов;Акт
2026-08-21 12:27:13,640;ПК: Останов;Пас
2026-08-21 12:27:15,320;Режим работы;РАЗВОРОТ (Исходное)
2026-08-21 12:27:15,320;Предыдущий режим работы;ОСТАНОВ
2026-08-21 12:27:15,320;Тип перехода между режимами;Автоматический переход (3)
2026-08-21 12:27:17,970;Тип перехода между режимами;Ручной переход
2026-08-21 12:27:17,980;Режим работы;РПК (Наладка)
2026-08-21 12:27:17,980;Предыдущий режим работы;РАЗВОРОТ (Исходное)
2026-08-21 12:27:17,980;Тип перехода между режимами;Ручной переход
2026-08-21 12:27:40,510;Неисправность, сформированная по приоритету;Пас
2026-08-21 12:27:40,510;Тип перехода между режимами;Автоматический переход (3)
2026-08-21 12:27:40,560;Неисправность, сформированная по приоритету;Акт
2026-08-21 12:27:43,380;Неисправность, сформированная по приоритету;Пас
2026-08-21 12:27:43,390;Неисправность, сформированная по приоритету;Акт
2026-08-21 12:28:02,280;Тип перехода между режимами;Ручной переход
2026-08-21 12:28:02,290;Режим работы;РАЗВОРОТ (Исходное)
2026-08-21 12:28:02,290;Предыдущий режим работы;РПК (Наладка)
2026-08-21 12:28:02,290;Тип перехода между режимами;Ручной переход
2026-08-21 12:28:14,840;Режим работы;РПК (Наладка)
2026-08-21 12:28:14,840;Предыдущий режим работы;РАЗВОРОТ (Исходное)
2026-08-21 12:28:14,840;Тип перехода между режимами;Ручной переход
2026-08-21 12:29:02,720;Канал ведущий;Акт
2026-08-21 12:29:02,720;Канал зафиксировался;Акт
2026-08-21 12:29:02,720;Неисправность, сформированная по приоритету;Пас
2026-08-21 12:29:02,720;Тип перехода между режимами;Автоматический переход (3)
2026-08-21 12:29:02,730;Начало форсированного сигнала;Акт
2026-08-21 12:29:02,730;Режим работы;ОСТАНОВ
2026-08-21 12:29:02,730;Предыдущий режим работы;РПК (Наладка)
2026-08-21 12:29:02,730;Тип перехода между режимами;Автоматический переход (3)
2026-08-21 12:29:02,740;Канал ведущий;Пас
2026-08-21 12:29:02,740;Канал зафиксировался;Пас
2026-08-21 12:29:02,740;Неисправность, сформированная по приоритету;Акт
2026-08-21 12:29:02,740;Начало форсированного сигнала;Пас
2026-08-21 12:29:02,740;Режим работы;РПК (Наладка)
2026-08-21 12:29:02,740;Предыдущий режим работы;РАЗВОРОТ (Исходное)
2026-08-21 12:29:02,740;Тип перехода между режимами;Автоматический переход (3)
2026-08-21 12:29:02,750;Начало форсированного сигнала;Акт
2026-08-21 12:29:02,750;Режим работы;ОСТАНОВ
2026-08-21 12:29:02,750;Предыдущий режим работы;РПК (Наладка)
2026-08-21 12:29:02,750;Тип перехода между режимами;Автоматический переход (3)
2026-08-21 12:29:02,760;Начало форсированного сигнала;Пас
2026-08-21 12:29:02,760;Режим работы;РПК (Наладка)
2026-08-21 12:29:02,760;Предыдущий режим работы;РАЗВОРОТ (Исходное)
2026-08-21 12:29:02,760;Тип перехода между режимами;Автоматический переход (3)
2026-08-21 12:29:02,780;Начало форсированного сигнала;Акт
2026-08-21 12:29:02,780;Режим работы;ОСТАНОВ
2026-08-21 12:29:02,780;Предыдущий режим работы;РПК (Наладка)
2026-08-21 12:29:02,780;Тип перехода между режимами;Автоматический переход (3)
2026-08-21 12:29:02,830;Начало форсированного сигнала;Пас
2026-08-21 12:29:20,320;ПК: Останов;Акт
2026-08-21 12:30:08,400;ШСП-Б: автомат QF8 выключен;Пас
2026-08-21 12:30:08,830;Неисправность, сформированная по приоритету;Пас
2026-08-21 12:30:08,830;Код ошибки по приоритету (младшая часть);0
2026-08-21 12:30:12,040;ШСП-Б: открыта дверь шкафа;Пас
2026-08-21 14:15:13,720;СК2 - закрыт;Акт
2026-08-21 14:15:13,770;СК1 - закрыт;Акт
2026-08-21 14:15:13,770;СК4 - закрыт;Акт
2026-08-21 14:15:13,770;Три или четыре СК закрыты;Акт
2026-08-21 14:15:13,800;СК3 - закрыт;Акт
2026-08-21 15:18:27,420;СК2 - закрыт;Пас
2026-08-21 15:18:27,420;СК4 - закрыт;Пас
2026-08-21 15:18:27,420;Три или четыре СК закрыты;Пас
2026-08-21 15:18:27,440;СК1 - закрыт;Пас
2026-08-21 15:18:27,440;СК3 - закрыт;Пас
2026-08-21 16:41:10,860;ПК: Останов;Пас
2026-08-21 16:41:40,920;ПК: Останов;Акт
2026-08-21 16:41:42,280;ПК: Останов;Пас
2026-08-21 16:41:43,760;Тип перехода между режимами;Ручной переход
2026-08-21 16:41:43,760;Режим работы;РАЗВОРОТ (Исходное)
2026-08-21 16:41:43,760;Предыдущий режим работы;ОСТАНОВ
2026-08-21 16:41:43,760;Тип перехода между режимами;Ручной переход
2026-08-21 16:41:48,270;Режим работы;РПК (Наладка)
2026-08-21 16:41:48,270;Предыдущий режим работы;РАЗВОРОТ (Исходное)
2026-08-21 16:41:48,270;Тип перехода между режимами;Ручной переход
2026-08-21 16:42:16,030;Канал ведущий;Акт
2026-08-21 16:42:16,070;ШСП-А: блокировка другого канала;Акт
2026-08-21 16:42:16,070;ШСП-Б: блокировка другого канала;Акт
2026-08-21 16:42:16,530;1ЦРБРУ-К.Ошибка записи данных(основная линия связи);Акт
2026-08-21 16:42:16,530;2ЦРБРУ-К.Ошибка записи данных(основная линия связи);Акт
2026-08-21 16:42:16,650;2ЦРБРУ-К.Ошибка записи данных(основная линия связи);Пас
2026-08-21 16:42:16,810;1ЦРБРУ-К.Ошибка записи данных(основная линия связи);Пас
2026-08-21 16:42:26,710;Канал ведущий;Пас
2026-08-21 16:42:26,740;ШСП-А: блокировка другого канала;Пас
2026-08-21 16:42:26,740;ШСП-Б: блокировка другого канала;Пас
2026-08-21 16:42:49,290;ШСП-Б: открыта дверь шкафа;Акт
2026-08-21 16:42:52,330;ШСП-Б: автомат QF8 выключен;Акт
2026-08-21 16:42:53,080;Неисправность, сформированная по приоритету;Акт
2026-08-21 16:42:53,080;Код ошибки по приоритету (младшая часть);32768
2026-08-21 16:43:36,880;Неисправность, сформированная по приоритету;Пас
2026-08-21 16:43:36,880;Тип перехода между режимами;Автоматический переход (3)
2026-08-21 16:43:36,900;Канал ведущий;Акт
2026-08-21 16:43:36,900;Канал зафиксировался;Акт
2026-08-21 16:43:36,910;Начало форсированного сигнала;Акт
2026-08-21 16:43:36,910;Режим работы;ОСТАНОВ
2026-08-21 16:43:36,910;Предыдущий режим работы;РПК (Наладка)
2026-08-21 16:43:36,910;Тип перехода между режимами;Автоматический переход (3)
2026-08-21 16:43:36,930;Канал ведущий;Пас
2026-08-21 16:43:36,930;Канал зафиксировался;Пас
2026-08-21 16:43:36,930;Неисправность, сформированная по приоритету;Акт
2026-08-21 16:43:36,930;ШСП-А: блокировка другого канала;Акт
2026-08-21 16:43:36,930;Начало форсированного сигнала;Пас
2026-08-21 16:43:36,930;Режим работы;РПК (Наладка)
2026-08-21 16:43:36,930;Предыдущий режим работы;РАЗВОРОТ (Исходное)
2026-08-21 16:43:36,930;Тип перехода между режимами;Автоматический переход (3)
2026-08-21 16:43:36,940;Начало форсированного сигнала;Акт
2026-08-21 16:43:36,940;Режим работы;ОСТАНОВ
2026-08-21 16:43:36,940;Предыдущий режим работы;РПК (Наладка)
2026-08-21 16:43:36,940;Тип перехода между режимами;Автоматический переход (3)
2026-08-21 16:43:36,950;Начало форсированного сигнала;Пас
2026-08-21 16:43:36,950;Режим работы;РПК (Наладка)
2026-08-21 16:43:36,950;Предыдущий режим работы;РАЗВОРОТ (Исходное)
2026-08-21 16:43:36,950;Тип перехода между режимами;Автоматический переход (3)
2026-08-21 16:43:36,960;ШСП-А: блокировка другого канала;Пас
2026-08-21 16:43:36,960;Начало форсированного сигнала;Акт
2026-08-21 16:43:36,960;Режим работы;ОСТАНОВ
2026-08-21 16:43:36,960;Предыдущий режим работы;РПК (Наладка)
2026-08-21 16:43:36,960;Тип перехода между режимами;Автоматический переход (3)
2026-08-21 16:43:37,030;Начало форсированного сигнала;Пас
2026-08-21 17:11:49,500;Режим работы;РАЗВОРОТ (Исходное)
2026-08-21 17:11:49,500;Предыдущий режим работы;ОСТАНОВ
2026-08-21 17:11:49,500;Тип перехода между режимами;Автоматический переход (3)
2026-08-21 17:11:52,830;Тип перехода между режимами;Ручной переход
2026-08-21 17:11:52,840;Режим работы;РПК (Наладка)
2026-08-21 17:11:52,840;Предыдущий режим работы;РАЗВОРОТ (Исходное)
2026-08-21 17:11:52,840;Тип перехода между режимами;Ручной переход
2026-08-21 17:12:03,270;ШСП-А: открыта дверь шкафа;Акт
2026-08-21 17:12:06,360;ШСП-А: автомат QF8 выключен;Акт
2026-08-21 17:12:07,020;Код ошибки по приоритету (старшая часть);1
2026-08-21 17:12:14,540;Режим работы;РАЗВОРОТ (Исходное)
2026-08-21 17:12:14,540;Предыдущий режим работы;РПК (Наладка)
2026-08-21 17:12:14,540;Тип перехода между режимами;Ручной переход
2026-08-21 17:12:42,200;Режим работы;РПК (Наладка)
2026-08-21 17:12:42,200;Предыдущий режим работы;РАЗВОРОТ (Исходное)
2026-08-21 17:12:42,200;Тип перехода между режимами;Ручной переход
2026-08-21 17:13:46,710;ШСП-Б: автомат QF8 выключен;Пас
2026-08-21 17:13:47,140;Код ошибки по приоритету (старшая часть);0
2026-08-21 17:14:01,480;Неисправность, сформированная по приоритету;Пас
2026-08-21 17:14:01,480;Тип перехода между режимами;Автоматический переход (3)
2026-08-21 17:14:01,490;Неисправность, сформированная по приоритету;Акт
2026-08-21 17:14:56,840;ШСП-А: автомат QF8 выключен;Пас
2026-08-21 17:14:56,840;ШСП-А: автомат QF8 выключен;Акт
2026-08-21 17:14:56,860;ШСП-А: автомат QF8 выключен;Пас
2026-08-21 17:14:57,170;Неисправность, сформированная по приоритету;Пас
2026-08-21 17:14:57,170;Код ошибки по приоритету (младшая часть);0
2026-08-21 17:15:00,060;ШСП-А: открыта дверь шкафа;Пас
2026-08-21 17:15:28,740;ШСП-Б: автомат QF8 выключен;Акт
2026-08-21 17:15:29,460;Неисправность, сформированная по приоритету;Акт
2026-08-21 17:15:29,460;Код ошибки по приоритету (младшая часть);32768
2026-08-21 17:16:16,840;Неисправность, сформированная по приоритету;Пас
2026-08-21 17:16:16,840;Канал ведущий;Акт
2026-08-21 17:16:16,840;Канал зафиксировался;Акт
2026-08-21 17:16:16,850;Начало форсированного сигнала;Акт
2026-08-21 17:16:16,850;Режим работы;ОСТАНОВ
2026-08-21 17:16:16,850;Предыдущий режим работы;РПК (Наладка)
2026-08-21 17:16:16,850;Тип перехода между режимами;Автоматический переход (3)
2026-08-21 17:16:16,890;Канал ведущий;Пас
2026-08-21 17:16:16,890;Канал зафиксировался;Пас
2026-08-21 17:16:16,890;Неисправность, сформированная по приоритету;Акт
2026-08-21 17:16:16,890;ШСП-А: блокировка другого канала;Акт
2026-08-21 17:16:16,920;ШСП-А: блокировка другого канала;Пас
2026-08-21 17:16:16,990;Начало форсированного сигнала;Пас
2026-08-21 17:17:55,940;ПК: Останов;Акт
2026-08-21 17:17:56,780;ПК: Останов;Пас
2026-08-21 17:17:57,890;Режим работы;РАЗВОРОТ (Исходное)
2026-08-21 17:17:57,890;Предыдущий режим работы;ОСТАНОВ
2026-08-21 17:17:57,890;Тип перехода между режимами;Автоматический переход (3)
2026-08-21 17:17:59,580;Тип перехода между режимами;Ручной переход
2026-08-21 17:17:59,590;Режим работы;РПК (Наладка)
2026-08-21 17:17:59,590;Предыдущий режим работы;РАЗВОРОТ (Исходное)
2026-08-21 17:17:59,590;Тип перехода между режимами;Ручной переход
2026-08-21 17:18:23,600;ШСП-Б: автомат QF8 выключен;Пас
2026-08-21 17:18:24,030;Неисправность, сформированная по приоритету;Пас
2026-08-21 17:18:24,030;Код ошибки по приоритету (младшая часть);0
2026-08-21 17:18:28,760;Канал ведущий;Акт
2026-08-21 17:18:28,780;ШСП-А: блокировка другого канала;Акт
2026-08-21 17:18:28,790;ШСП-Б: блокировка другого канала;Акт
2026-08-21 17:18:29,260;1ЦРБРУ-К.Ошибка записи данных(основная линия связи);Акт
2026-08-21 17:18:29,260;2ЦРБРУ-К.Ошибка записи данных(основная линия связи);Акт
2026-08-21 17:18:29,330;2ЦРБРУ-К.Ошибка записи данных(основная линия связи);Пас
2026-08-21 17:18:29,480;1ЦРБРУ-К.Ошибка записи данных(основная линия связи);Пас
2026-08-21 17:19:06,280;ШСП-Б: неисправны модуль оптической связи [А6] или шина Profibus;Акт
2026-08-21 17:19:06,310;Обобщенная неисправность модуля A1-A4(TSXPBY100);Акт
2026-08-21 17:19:06,310;Канал ведущий;Пас
2026-08-21 17:19:06,310;Неисправность, сформированная по приоритету;Акт
2026-08-21 17:19:06,310;Неисправность датчика положения ГСМ-Б;Акт
2026-08-21 17:19:06,310;Код ошибки по приоритету (младшая часть);40960
2026-08-21 17:19:06,310;A4: mod_error;Акт
2026-08-21 17:19:06,310;Датчик положения ГСМ-Б. Нет связи;Акт
2026-08-21 17:19:06,310;Неизвестный индекс сообщения: 28;769
2026-08-21 17:19:06,320;Обобщенная неисправность модуля A1-A4(TSXPBY100);Пас
2026-08-21 17:19:06,320;Канал ведущий;Акт
2026-08-21 17:19:06,320;Неисправность, сформированная по приоритету;Пас
2026-08-21 17:19:06,320;Неисправность датчика положения ГСМ-Б;Пас
2026-08-21 17:19:06,320;Код ошибки по приоритету (младшая часть);0
2026-08-21 17:19:06,320;A4: mod_error;Пас
2026-08-21 17:19:06,320;Датчик положения ГСМ-Б. Нет связи;Пас
2026-08-21 17:19:06,320;Неизвестный индекс сообщения: 28;0
2026-08-21 17:19:06,350;Канал ведущий;Пас
2026-08-21 17:19:06,360;Канал ведущий;Акт
2026-08-21 17:19:06,380;ШСП-А: блокировка другого канала;Пас
2026-08-21 17:19:06,380;ШСП-Б: блокировка другого канала;Пас
2026-08-21 17:19:06,400;ШСП-А: блокировка другого канала;Акт
2026-08-21 17:19:06,400;ШСП-Б: блокировка другого канала;Акт
2026-08-21 17:19:07,830;ШСП-Б: неисправны модуль оптической связи [А6] или шина Profibus;Пас
2026-08-21 17:19:55,280;ШСП-Б: неисправны модуль оптической связи [А6] или шина Profibus;Акт
2026-08-21 17:19:55,290;Обобщенная неисправность модуля A1-A4(TSXPBY100);Акт
2026-08-21 17:19:55,290;Отсутствие связи со СПОЗ-Б;Акт
2026-08-21 17:19:55,290;Код ошибки по приоритету (младшая часть);32768
2026-08-21 17:19:55,290;A4: mod_error;Акт
2026-08-21 17:19:55,290;Неизвестный индекс сообщения: 28;577
2026-08-21 17:19:55,300;Неисправность датчика положения ГСМ-Б;Акт
2026-08-21 17:19:55,300;Отсутствие связи со СПОЗ-Б;Пас
2026-08-21 17:19:55,300;Код ошибки по приоритету (младшая часть);8192
2026-08-21 17:19:55,300;Датчик положения ГСМ-Б. Нет связи;Акт
2026-08-21 17:19:55,300;Неизвестный индекс сообщения: 28;769
2026-08-21 17:19:55,300;Обобщенная неисправность модуля A1-A4(TSXPBY100);Пас
2026-08-21 17:19:55,300;Неисправность датчика положения ГСМ-Б;Пас
2026-08-21 17:19:55,300;Код ошибки по приоритету (младшая часть);0
2026-08-21 17:19:55,300;A4: mod_error;Пас
2026-08-21 17:19:55,300;Датчик положения ГСМ-Б. Нет связи;Пас
2026-08-21 17:19:55,300;Неизвестный индекс сообщения: 28;0
2026-08-21 17:19:56,840;ШСП-Б: неисправны модуль оптической связи [А6] или шина Profibus;Пас
2026-08-21 17:20:32,180;ШСП-Б: неисправны модуль оптической связи [А6] или шина Profibus;Акт
2026-08-21 17:20:32,200;Обобщенная неисправность модуля A1-A4(TSXPBY100);Акт
2026-08-21 17:20:32,200;Отсутствие связи со СПОЗ-Б;Акт
2026-08-21 17:20:32,200;Код ошибки по приоритету (младшая часть);32768
2026-08-21 17:20:32,200;A4: mod_error;Акт
2026-08-21 17:20:32,200;Неизвестный индекс сообщения: 28;577
2026-08-21 17:20:32,210;Канал ведущий;Пас
2026-08-21 17:20:32,210;Неисправность, сформированная по приоритету;Акт
2026-08-21 17:20:32,210;Неисправность датчика положения ГСМ-Б;Акт
2026-08-21 17:20:32,210;Код ошибки по приоритету (младшая часть);40960
2026-08-21 17:20:32,210;Датчик положения ГСМ-Б. Нет связи;Акт
2026-08-21 17:20:32,210;Неизвестный индекс сообщения: 28;833
2026-08-21 17:20:32,220;Таймер отсутствия изменений показаний СПОЗ-Б;Акт
2026-08-21 17:20:32,240;ШСП-А: блокировка другого канала;Пас
2026-08-21 17:20:32,260;Начало форсированного сигнала;Акт
2026-08-21 17:20:32,260;Режим работы;ОСТАНОВ
2026-08-21 17:20:32,260;Предыдущий режим работы;РПК (Наладка)
2026-08-21 17:20:32,260;Тип перехода между режимами;Ручной переход
2026-08-21 17:20:33,360;Неисправность, сформированная по приоритету;Пас
2026-08-21 17:20:33,360;Отсутствие связи со СПОЗ-Б;Пас
2026-08-21 17:20:33,360;Таймер отсутствия изменений показаний СПОЗ-Б;Пас
2026-08-21 17:20:33,360;Код ошибки по приоритету (младшая часть);8192
2026-08-21 17:20:33,360;Неизвестный индекс сообщения: 28;769
2026-08-21 17:20:33,370;Обобщенная неисправность модуля A1-A4(TSXPBY100);Пас
2026-08-21 17:20:33,370;Неисправность датчика положения ГСМ-Б;Пас
2026-08-21 17:20:33,370;Код ошибки по приоритету (младшая часть);0
2026-08-21 17:20:33,370;A4: mod_error;Пас
2026-08-21 17:20:33,370;Датчик положения ГСМ-Б. Нет связи;Пас
2026-08-21 17:20:33,370;Неизвестный индекс сообщения: 28;0
2026-08-21 17:20:33,390;ШСП-Б: блокировка другого канала;Пас
2026-08-21 17:20:33,400;Канал ведущий;Акт
2026-08-21 17:20:33,420;ШСП-А: блокировка другого канала;Акт
2026-08-21 17:20:33,420;ШСП-Б: блокировка другого канала;Акт
2026-08-21 17:20:33,470;Начало форсированного сигнала;Пас
2026-08-21 17:20:33,900;2ЦРБРУ-К.Ошибка записи данных(основная линия связи);Акт
2026-08-21 17:20:33,990;2ЦРБРУ-К.Ошибка записи данных(основная линия связи);Пас
2026-08-21 17:20:34,850;ШСП-Б: неисправны модуль оптической связи [А6] или шина Profibus;Пас
2026-08-21 17:22:03,600;Защита ТГ;Пас
2026-08-21 17:22:14,610;ПК: Останов;Акт
2026-08-21 17:23:20,050;ШСП-Б: открыта дверь шкафа;Пас
2026-08-21 17:24:13,430;ШСП-А: открыта дверь шкафа;Акт
2026-08-21 17:24:16,460;ШСП-А: автомат QF8 выключен;Акт
2026-08-21 17:24:17,130;Код ошибки по приоритету (младшая часть);32768
2026-08-21 17:24:17,130;ШСП-А: блокировка другого канала;Пас
2026-08-21 17:24:19,530;ШСП-А: открыта дверь шкафа;Пас
2026-08-21 17:28:16,410;Канал ведущий;Пас
2026-08-21 17:28:16,440;ШСП-Б: блокировка другого канала;Пас
2026-08-21 17:28:39,220;Канал ведущий;Акт
2026-08-21 17:28:39,260;ШСП-Б: блокировка другого канала;Акт
2026-08-21 17:28:39,730;2ЦРБРУ-К.Ошибка записи данных(основная линия связи);Акт
2026-08-21 17:28:39,780;2ЦРБРУ-К.Ошибка записи данных(основная линия связи);Пас
2026-08-21 17:29:36,610;Канал ведущий;Пас
2026-08-21 17:29:36,640;ШСП-Б: блокировка другого канала;Пас
2026-08-21 17:31:02,920;Канал зафиксировался;Акт
2026-08-21 17:31:06,410;Канал зафиксировался;Пас
2026-08-21 17:31:08,970;Канал зафиксировался;Акт
2026-08-21 17:36:21,520;ШСП-А: открыта дверь шкафа;Акт
2026-08-21 17:36:24,060;ШСП-А: автомат QF8 выключен;Пас
2026-08-21 17:36:24,070;ШСП-А: автомат QF8 выключен;Акт
2026-08-21 17:36:24,090;ШСП-А: автомат QF8 выключен;Пас
2026-08-21 17:36:24,400;Код ошибки по приоритету (младшая часть);0
2026-08-21 17:36:27,060;ШСП-А: открыта дверь шкафа;Пас
2026-08-21 17:37:47,970;Канал зафиксировался;Пас
2026-08-21 17:38:30,900;ШСП-Б: открыта дверь шкафа;Акт
2026-08-21 17:38:33,780;ШСП-Б: автомат QF8 выключен;Акт
2026-08-21 17:38:34,510;Неисправность, сформированная по приоритету;Акт
2026-08-21 17:38:34,510;Код ошибки по приоритету (младшая часть);32768
2026-08-21 17:39:17,200;ПК: Останов;Пас
2026-08-21 17:39:18,490;Режим работы;РАЗВОРОТ (Исходное)
2026-08-21 17:39:18,490;Предыдущий режим работы;ОСТАНОВ
2026-08-21 17:39:18,490;Тип перехода между режимами;Ручной переход
2026-08-21 17:39:21,870;Режим работы;РПК (Наладка)
2026-08-21 17:39:21,870;Предыдущий режим работы;РАЗВОРОТ (Исходное)
2026-08-21 17:39:21,870;Тип перехода между режимами;Ручной переход
2026-08-21 17:40:02,190;Канал зафиксировался;Акт
2026-08-21 17:40:02,190;Неисправность, сформированная по приоритету;Пас
2026-08-21 17:40:02,190;Тип перехода между режимами;Автоматический переход (3)
2026-08-21 17:40:02,240;Канал зафиксировался;Пас
2026-08-21 17:40:02,240;Неисправность, сформированная по приоритету;Акт
2026-08-21 17:40:09,670;Канал зафиксировался;Акт
2026-08-21 17:40:09,670;Неисправность, сформированная по приоритету;Пас
2026-08-21 17:40:09,790;Канал зафиксировался;Пас
2026-08-21 17:40:09,790;Неисправность, сформированная по приоритету;Акт
2026-08-21 17:40:20,180;Неисправность, сформированная по приоритету;Пас
2026-08-21 17:40:20,200;Неисправность, сформированная по приоритету;Акт
2026-08-21 17:40:26,920;Канал зафиксировался;Акт
2026-08-21 17:40:26,920;Неисправность, сформированная по приоритету;Пас
2026-08-21 17:40:27,120;Начало форсированного сигнала;Акт
2026-08-21 17:40:27,120;Режим работы;ОСТАНОВ
2026-08-21 17:40:27,120;Предыдущий режим работы;РПК (Наладка)
2026-08-21 17:40:27,120;Тип перехода между режимами;Автоматический переход (3)
2026-08-21 17:40:27,750;Канал зафиксировался;Пас
2026-08-21 17:40:27,750;Неисправность, сформированная по приоритету;Акт
2026-08-21 17:40:27,800;Начало форсированного сигнала;Пас
2026-08-21 17:40:39,000;ПК: Останов;Акт
2026-08-21 17:41:07,210;Неисправность, сформированная по приоритету;Пас
2026-08-21 17:41:49,570;Канал зафиксировался;Акт
2026-08-21 17:41:57,410;ШСП-А: открыта дверь шкафа;Акт
2026-08-21 17:41:59,960;ШСП-А: автомат QF8 выключен;Акт
2026-08-21 17:42:00,590;Код ошибки по приоритету (старшая часть);1
2026-08-21 17:42:00,830;ШЗ: сработала защита;Акт
2026-08-21 17:42:02,800;ШСП-А: открыта дверь шкафа;Пас
2026-08-21 17:43:27,520;Канал зафиксировался;Пас
